{"accuracy": [0.5233333110809326, 0.7599999904632568, 0.8066666722297668, 0.75, 0.82833331823349], "loss": [16.039928436279297, 0.5878495573997498, 0.38988950848579407, 0.9436815977096558, 0.47567787766456604], "val_accuracy": [0.8050000071525574, 0.8650000095367432, 0.8100000023841858, 0.8199999928474426, 0.925000011920929], "val_loss": [0.6155233383178711, 0.38311269879341125, 0.46369075775146484, 0.5170621275901794, 0.24872525036334991]}